,district
0,E16
1,N16
2,EC2Y
3,E7
4,E6
5,RM3
6,SE13
7,UB4
8,EC1V
9,N12
10,SW15
11,W10
12,SW18
13,W1T
14,SW17
15,UB3
16,NW1
17,RM7
18,NW11
19,E11
20,W2
21,W11
22,EN4
23,N1
24,WC2E
25,SE17
26,CR0
27,SE23
28,HA4
29,HA8
30,N4
31,N19
32,E17
33,WC1H
34,SW1V
35,SE4
36,RM10
37,HA3
38,SW6
39,WC1X
40,N6
41,SW1X
42,TW6
43,NW7
44,E14
45,W1C
46,EC4N
47,EC1M
48,W5
49,HA1
50,W1K
51,E4
52,NW3
53,SM5
54,NW5
55,W1D
56,CR4
57,IG6
58,W12
59,DA5
60,E10
61,NW10
62,W3
63,HA7
64,KT1
65,SM2
66,HA2
67,SE11
68,N10
69,UB5
70,WC1N
71,SE1
72,EC2N
73,UB8
74,NW6
75,W6
76,EN5
77,SE10
78,SE15
79,SE19
80,CR2
81,HA0
82,W1G
83,E15
84,SW16
85,IG3
86,CR5
87,UB1
88,E2
89,SW20
90,E8
91,W14
92,DA1
93,KT6
94,E1
95,W1B
96,IG11
97,TW2
98,N20
99,EC2A
100,BR2
101,UB7
102,NW8
103,HA5
104,SE16
105,SM4
106,SW5
107,RM9
108,SW2
109,DA17
110,N7
111,HA9
112,NW2
113,BR6
114,TW7
115,SM6
116,EC2M
117,SM3
118,WC2N
119,W4
120,TW4
121,BR5
122,SE25
123,IG1
124,W1F
125,SE14
126,TW8
127,SE3
128,N8
129,SW3
130,SE26
131,SE2
132,E13
133,KT3
134,SW11
135,CR8
136,SW9
137,DA14
138,TW1
139,SE21
140,TW5
141,N5
142,TN14
143,N9
144,SE12
145,EC3A
146,SW10
147,E9
148,TW10
149,W1W
150,KT9
151,N11
152,EC1A
153,BR1
154,TW9
155,WC1V
156,W1U
157,DA8
158,E3
159,SE22
160,IG5
161,SW13
162,CR7
163,N17
164,SE24
165,N15
166,W9
167,KT2
168,SE5
169,SE8
170,RM12
171,EC1Y
172,HA6
173,EC2R
174,W7
175,SE9
176,WC1E
177,EC4A
178,E1W
179,UB10
180,N22
181,TW11
182,UB2
183,SW1Y
184,SW19
185,NW9
186,IG7
187,SW4
188,TW13
189,RM8
190,TW3
191,WC2H
192,E5
193,SE20
194,EC1N
195,SW1P
196,SW8
197,SE18
198,SW12
199,W1J
200,DA6
201,W1S
202,SE6
203,KT5
204,EC1R
205,EN2
206,E12
207,N21
208,RM11
209,BR3
210,EN3
211,E20
212,SM1
213,SW7
214,W8
215,DA7
216,BR4
217,RM6
218,WC2R
219,N18
220,N2
221,N14
222,RM2
223,W13
224,SE28
225,DA15
226,IG2
227,N3
228,KT11
229,DA16
230,SW1W
231,SW1A
232,RM13
233,UB6
234,WC1B
235,EC4Y
236,E18
237,EC2V
238,KT4
239,NW4
240,EN1
241,SE27
242,CR9
243,WC2B
244,KT22
245,SE7
246,SW1E
247,SW1H
248,N1C
249,IG8
250,RM1
251,KT8
252,RM18
253,CM14
254,RM14
255,N13
256,EC3N
257,RM16
258,TW14
259,EC3V
260,BR7
261,WC2A
262,TN16
263,EC4R
264,SW14
265,EC3M
266,RM5
267,CR6
268,TW12
269,WC1R
270,TW18
271,DA18
272,UB9
273,EC4M
274,W1H
275,UB11
276,CR3
277,SL3
278,IG4
279,RM4
280,IG9
281,WC1A
282,EC4V
283,EC3R
284,EC3P
285,CM13
286,EN8
287,KT17
288,TW15
289,WD6
290,DA9
291,RM15
292,IG10
293,W1A
294,KT7
295,SL0
296,TW19
297,BR8
298,SM7
299,EN6
300,KT15
301,RH8
302,EC2P
303,WD23
304,WD3
305,SL9
306,RM17
307,RM20
308,CM16
309,RH9
310,CM15
311,RM19
312,EN9
313,KT19
314,DA2
315,KT18
316,EN7
317,TW16
318,KT10
319,WD25
320,DA4
321,SL1
322,SL2
323,SS15
324,HP9
325,TW20
326,CM4
327,RH1
328,SE1P
